location,total_sqft,bath,bhk,price
JP Nagar,1652.0698933414799,5,2,103.36064849075207
HSR Layout,3767.4301372808036,1,4,70.12235834724314
Bannerghatta Road,3168.333073664697,3,2,137.84763356413384
Koramangala,959.9569890133981,1,2,168.27813124384213
JP Nagar,4634.377350173359,5,2,31.365252726930436
Hebbal,4055.3808670583903,3,3,159.8222870133009
Marathahalli,603.6017215443688,3,1,167.89662793311882
JP Nagar,3431.1524494471078,1,4,103.07412696594922
Bannerghatta Road,3970.610008338821,5,1,196.99501822732412
Koramangala,2184.959163741899,4,1,161.60750132731565
HSR Layout,810.1469271524845,5,1,159.25926168121984
Bannerghatta Road,847.9447946995426,2,2,154.61094339417292
Bannerghatta Road,969.1113472331427,4,5,47.109458579289324
Marathahalli,4281.978343911904,3,2,59.10155956154195
Indiranagar,4598.087892150709,4,2,103.5182236635965
Koramangala,1052.648518305802,3,1,67.52078299270386
Whitefield,1561.5771556778654,3,2,94.74337502012727
Bannerghatta Road,1244.842296652804,4,1,179.92353978612573
Indiranagar,1338.443957723543,3,5,168.37884053826846
Whitefield,4268.7085505112145,3,4,133.4071781263968
Koramangala,1994.6588569472253,2,1,174.46167096519864
Electronic City,1901.4991882053853,5,5,161.07903002310485
Hebbal,1523.2802939470068,5,4,97.21728773136029
Indiranagar,3235.524772074164,2,3,56.19172736899012
BTM Layout,2206.87564273497,4,1,112.55618720168106
Electronic City,3849.1234332947997,1,1,152.52119885513903
Hebbal,1425.1091376903687,1,3,98.55552777132674
Marathahalli,4045.054499215216,1,3,140.0189437611015
JP Nagar,3216.7468927856253,2,1,36.97893673238785
HSR Layout,1014.2028502505949,2,3,154.6408525468526
BTM Layout,2365.2706289163243,3,2,166.28845158075117
Marathahalli,4385.831632758306,1,4,147.23081404049742
Koramangala,4653.321043093182,4,4,194.1074457547458
Marathahalli,2595.650550434659,4,4,168.7973703429153
JP Nagar,2663.766401400831,1,2,182.5568710177769
Koramangala,4633.046262226855,1,3,188.04279502237665
BTM Layout,3141.8070086145526,1,5,164.24263853728553
JP Nagar,647.8100160954725,2,3,141.36659156116986
Whitefield,4607.37258295608,2,1,21.02934464494207
HSR Layout,1617.0189924071835,2,4,103.84863558016245
BTM Layout,3099.3437934119625,5,3,122.80921375202499
Whitefield,1244.8099284258822,4,5,74.72544904063993
Hebbal,652.4562211096775,4,1,77.25880044262497
BTM Layout,1901.6292700974084,3,2,193.00869482782974
Hebbal,4012.2306839573944,2,2,180.50795573649427
Koramangala,1749.1422768323816,5,5,172.85222099030676
Whitefield,1490.4374633649368,5,1,93.08212430709992
HSR Layout,1457.0635295355182,4,4,22.465739073604617
JP Nagar,2818.2815708306566,2,3,34.44000436202853
Bannerghatta Road,4889.935920572403,3,1,76.19534627916866
Marathahalli,2565.450446076559,2,2,22.833724339221856
Electronic City,3007.8741600052153,1,5,23.08696074473566
HSR Layout,4372.844080508303,2,5,184.988594295634
Whitefield,2907.8137352014637,1,3,147.10853038142972
Bannerghatta Road,1330.0829213848524,1,5,75.61207821226748
HSR Layout,1848.1816029491467,3,5,43.876023968171566
Whitefield,1894.7161682087492,4,1,112.09442922111388
Indiranagar,2287.9315195591907,2,4,20.9623089537856
Indiranagar,2420.550074015372,1,3,188.9144738944659
Hebbal,4099.019099334212,2,1,94.6667214900105
HSR Layout,2072.2414957219985,4,4,92.4202919427199
Indiranagar,2607.043227986207,4,1,90.30684936472079
Whitefield,3312.391941729735,5,1,32.47909946979766
Hebbal,2199.766763480762,4,5,134.89800316252877
Whitefield,4264.541659815498,3,4,151.94065153310362
Hebbal,3143.5412190533343,1,3,141.70257156589224
HSR Layout,1823.2010564943719,5,3,44.91838879929098
Bannerghatta Road,3713.266399054227,3,4,124.19123024640666
JP Nagar,2874.414785651536,2,5,122.50720715100569
BTM Layout,2905.0515106576113,1,2,176.31394182944877
Bannerghatta Road,2664.8957677441367,4,1,88.24297850761646
Koramangala,2736.5537696956203,1,5,86.86746985869816
Whitefield,3944.103264798083,2,4,131.3348705692734
Koramangala,963.4166569909198,5,1,133.95307762991234
Bannerghatta Road,2004.6326508971697,5,3,104.47134091864227
Hebbal,839.7651371175016,5,2,99.7506852194758
BTM Layout,3889.6079933635287,4,3,108.94658071481888
BTM Layout,1725.3583462413476,3,4,174.98815391059614
Electronic City,4538.436844184978,3,1,103.0100422257038
BTM Layout,2869.603099966822,1,4,189.18772255456804
JP Nagar,4103.373971687544,4,1,110.72067744733869
BTM Layout,4905.191460271825,5,5,190.85612477256046
Bannerghatta Road,4279.049867554568,5,2,169.90974233643362
Electronic City,4401.471920051856,2,5,85.23763807084924
Bannerghatta Road,2335.930229141801,2,5,175.4554558333909
Bannerghatta Road,2982.751678667029,5,4,39.81139115620074
Marathahalli,1642.4985381948693,5,2,186.5084915617426
Electronic City,1382.5089486205375,4,1,133.6958327149205
Bannerghatta Road,2774.785455977152,3,1,29.790334734016014
Marathahalli,3177.7204086518927,2,3,135.9662102571461
Marathahalli,2026.7206065328594,3,1,195.3645777460561
Electronic City,3062.4958299357513,4,4,32.56411783063321
Koramangala,4493.572171310763,5,5,119.84378776041554
Hebbal,3005.2471315251473,3,5,154.60298295668704
JP Nagar,3743.6589333972797,5,5,165.84654560591565
Hebbal,4123.9173531105735,5,2,94.48894375774326
BTM Layout,4949.2795187994925,1,1,56.74998065028374
JP Nagar,3214.388309796408,3,4,27.62161017902909
BTM Layout,4130.8256703316365,3,2,124.35070827750046
Bannerghatta Road,4831.921933496936,5,3,101.52399264816994
Whitefield,4749.84376509773,4,4,190.77399112694798
Electronic City,1134.868319499711,1,4,30.908883388683762
JP Nagar,2328.7653872308492,5,4,143.37116182028103
JP Nagar,1957.9552749805982,2,5,24.49391998161029
Bannerghatta Road,891.162567276572,2,4,50.85815180789769
Koramangala,3349.5834870993226,1,1,101.64421998611014
Marathahalli,3811.5707593820102,4,4,101.87703970451628
Bannerghatta Road,4316.576429600976,5,5,143.4260977280559
Indiranagar,1052.4960034821884,3,4,183.8383462761962
Marathahalli,4443.9983414388225,1,3,135.02578860468574
Electronic City,3393.1650362641394,4,3,191.6363176132716
Marathahalli,3667.7576081232924,3,5,178.69081517803957
Koramangala,4597.808015931368,2,1,125.20996319554224
Marathahalli,3311.42571969463,2,1,170.0825511653889
Electronic City,2011.396357174258,3,2,135.66396985825412
Koramangala,4212.982991401969,1,5,34.14040956627089
Hebbal,2133.7664548779076,2,4,153.30165018671178
JP Nagar,654.026498692381,5,5,37.083519428122315
JP Nagar,4237.945279543624,3,2,126.93490050254823
BTM Layout,2053.3646519657404,3,5,146.4752370544812
Hebbal,3982.255354406031,2,5,31.97496947795394
Hebbal,2132.4105259967546,1,2,61.54303770677571
Marathahalli,4374.806089886248,5,1,184.82100180709696
JP Nagar,1487.797362864314,1,4,130.93660860192136
Electronic City,4885.462693394915,4,2,64.3314833858957
HSR Layout,4008.9144865461385,4,3,144.3223588066412
HSR Layout,1014.0706666417857,2,1,127.41975559310413
Koramangala,3045.994789849522,2,3,110.28362598523071
JP Nagar,4934.152905087806,2,1,195.71365549785506
JP Nagar,2619.794537122165,4,4,143.0216799333516
HSR Layout,1319.4821246971246,1,4,87.57939974022428
JP Nagar,2681.5026521765576,1,5,164.01321777383623
Marathahalli,2806.0594514686472,2,3,179.2249927258138
Indiranagar,3837.5912490289948,5,1,42.53970071302966
Whitefield,3644.8063392240697,1,4,56.099536012147965
Hebbal,2311.475196186412,4,2,58.92086164300034
BTM Layout,1481.1039837233893,3,4,144.41812568957727
Koramangala,3402.7437549619826,3,2,128.547119909591
Indiranagar,2397.667705489768,3,1,131.41848164574589
HSR Layout,1095.2429500639869,5,4,189.33919394411018
Hebbal,4552.575355563735,2,4,159.66407590531506
JP Nagar,3610.4983592434446,4,1,43.02864641212097
BTM Layout,3574.327354004666,5,4,82.55127483653258
JP Nagar,4201.627441602533,4,2,98.37085631163241
Electronic City,2883.4775539478646,4,4,91.27308597456889
Electronic City,4167.744927811057,2,3,140.47554964913826
BTM Layout,2741.408390799526,3,5,180.54075858618125
BTM Layout,802.2892996206954,2,2,75.08926343410184
HSR Layout,2323.6163961245993,5,3,119.33788455581342
BTM Layout,2738.5920229095077,5,1,162.09369594444541
Marathahalli,3740.911617345331,5,2,94.91925059216288
JP Nagar,979.6042855790347,2,5,50.261263111873255
Indiranagar,1130.0834239720205,4,5,105.49117374747469
Bannerghatta Road,1686.5771118557739,4,1,29.940053733745124
BTM Layout,1699.2427701689699,1,1,189.62902172040984
Koramangala,3794.830603065781,5,2,33.46781693509514
Electronic City,1628.2879725271898,4,4,98.92220874510407
Marathahalli,3348.941285108514,1,1,115.37862699593471
Hebbal,2724.232325622221,4,4,197.35468981171138
Bannerghatta Road,3079.824701807303,5,3,49.88392825571494
Indiranagar,4271.481334302331,3,5,40.59767335022454
Bannerghatta Road,2319.7167569706094,5,4,21.567106471257844
BTM Layout,3969.1011967892173,2,5,48.002858636474414
HSR Layout,2399.162267978093,4,4,57.30913623218017
Electronic City,2092.4211945256225,4,3,133.50456948495662
Electronic City,4813.822297909493,2,1,59.547222270452075
Hebbal,1329.6691430553344,2,3,23.693746651278538
HSR Layout,906.5163225992354,3,1,168.79130219044796
JP Nagar,3969.4366649096532,4,1,85.80722618071403
Whitefield,807.1236740934121,4,5,83.6654035845321
Marathahalli,4266.855458163633,3,3,74.44622525022677
Electronic City,2467.370283607596,1,4,195.56718988635575
Koramangala,4619.811547813613,3,3,50.62077511567067
Electronic City,3746.8978750485753,5,5,181.68285151158233
Bannerghatta Road,3246.821001535809,4,1,159.82459978517983
Electronic City,4771.880586759946,2,5,33.766391989876354
Electronic City,2284.922178734244,5,2,197.61123827015277
Whitefield,4793.391214428349,4,2,68.84587343702191
Whitefield,1107.505748395431,3,4,37.74492686403422
Indiranagar,2676.8972386958576,5,5,169.2765621426367
JP Nagar,1714.600500764877,4,4,147.20159606198598
Koramangala,2929.2925050868703,1,4,131.09938505802214
Electronic City,1229.062450512131,1,2,48.07655546580797
Electronic City,4286.883471395195,2,4,106.12930092607314
Marathahalli,4308.835321915508,4,2,160.50008483969847
Whitefield,4798.563407255655,1,1,74.65230886589124
Koramangala,1196.0246339745631,3,5,76.10416913270745
Hebbal,3304.9964790724584,4,4,20.565363088661982
Indiranagar,2634.067889151663,3,2,51.36381229616832
JP Nagar,2049.7267941990494,3,3,177.57301252193017
HSR Layout,2081.9307251039845,1,4,99.51436849478728
JP Nagar,2357.5709777303855,4,1,197.16220986219813
Bannerghatta Road,3672.1649736002887,5,1,91.22743344328266
Electronic City,3192.2872622066957,1,3,148.73356186044342
Indiranagar,2568.5668074250902,1,2,70.74542772285125
Bannerghatta Road,841.7003466632993,4,4,85.48573540536803
Koramangala,849.9440483553069,4,2,54.330677766361035
HSR Layout,510.5272578160022,3,1,82.4712263298911
Whitefield,4854.647246931889,4,2,118.50275367571577
Indiranagar,523.6421835127321,3,1,198.5191185762649
Indiranagar,963.9218570618519,1,2,139.5563083529214
Electronic City,1915.684505642349,2,3,55.86427179349653
BTM Layout,4133.436133175425,5,5,28.093059486479206
Indiranagar,4829.44453593853,1,3,42.74416663661191
Marathahalli,4055.0610145633523,4,3,121.25993622914852
HSR Layout,3607.5210460053827,5,5,157.72885918701795
HSR Layout,2845.8530033610623,2,5,189.27545731413446
Marathahalli,890.1734533798262,2,4,22.848170959427748
Hebbal,4811.768568517687,3,4,114.09682548113656
Marathahalli,3912.7658627555666,5,3,104.75612412017182
Marathahalli,3375.2722340041782,3,3,138.0899039556267
HSR Layout,3915.6613049248244,1,1,120.72419380376155
JP Nagar,3758.464981729124,5,1,143.66704710484652
HSR Layout,3367.5421090526906,1,4,138.45486525485427
BTM Layout,4912.5956008099465,3,4,41.06211047443031
Electronic City,4565.1371568621125,5,1,163.94922445136953
Bannerghatta Road,3409.992136027235,3,1,42.18186362893847
JP Nagar,3619.2884515561614,5,2,145.7355125376447
Whitefield,732.181129964195,3,2,94.90616617530921
Bannerghatta Road,3514.628590475176,2,1,112.49313222378763
Electronic City,698.7444696954508,3,2,182.5936425876279
BTM Layout,3147.1869063646895,2,5,180.17907076522758
BTM Layout,4997.0907480462565,3,4,167.2141350179053
Whitefield,3001.1296164673086,5,4,111.82670848213819
JP Nagar,2629.445531366,5,1,152.52316582408997
Hebbal,1907.8468542751439,5,3,112.32146999338569
Marathahalli,1042.35160453909,4,1,176.52909484545995
JP Nagar,3789.6065215622675,1,2,92.49964998192198
Hebbal,1366.695625035337,5,3,194.64236199467783
BTM Layout,1018.7690956127797,2,2,187.81809648119795
HSR Layout,2397.9319687873067,5,5,153.48847150132138
Electronic City,4079.038270815938,4,2,70.29485915169296
Whitefield,3852.790466540992,2,5,43.69764598278651
Electronic City,746.9717659091372,4,5,173.84662101677554
Koramangala,2548.1465826627023,2,2,49.75441150483303
Koramangala,2850.95559232026,3,2,173.76694201952043
JP Nagar,3400.4599278162,1,5,108.33770120822489
BTM Layout,3425.7530769945265,1,3,93.18022108545875
BTM Layout,2141.137622557876,4,5,182.57434019019723
Marathahalli,3023.0473730158133,1,4,128.69317685725002
Marathahalli,2664.778477298389,4,5,123.7905212833492
Marathahalli,4482.492604354765,4,3,120.57787003239157
HSR Layout,2886.193096857051,4,4,86.81051288351566
Bannerghatta Road,2484.6447278667274,1,1,161.4157586352429
Indiranagar,2320.1845235683286,4,1,65.50371992283914
Bannerghatta Road,3075.924917450596,1,3,189.0010928074295
Electronic City,4117.896407304039,4,5,180.91733690845294
Bannerghatta Road,2922.806706713544,5,2,80.74645862148168
HSR Layout,3477.4482878624367,4,3,151.30347856969948
Electronic City,3820.3509510793624,2,4,123.18017500092647
Bannerghatta Road,2840.7564944542933,4,4,80.77687435986223
HSR Layout,2420.6767549468896,3,1,197.9338966391804
Indiranagar,4444.994200381023,4,4,24.542722252687557
Bannerghatta Road,2378.7773781255146,2,3,65.4762855118316
HSR Layout,2578.7428275901443,2,4,113.61333100000707
Marathahalli,4956.535910037997,1,3,113.9515406261415
BTM Layout,501.0688560914806,5,2,126.00795349020154
Marathahalli,1334.6280930952512,4,1,155.30171096412548
BTM Layout,2227.837504638766,1,4,132.22600949347336
Whitefield,4696.654592413638,5,3,128.05066289504666
Whitefield,815.1336758636196,4,5,29.63260332434779
Whitefield,542.6844513282414,3,1,87.77545180207369
Indiranagar,737.0772618975286,4,2,61.77003314620808
Marathahalli,898.4453477612817,2,3,67.76662008835558
BTM Layout,669.185479428174,2,2,119.78074538126208
HSR Layout,2659.0159708542715,3,2,55.91095668732952
Electronic City,3113.407432522975,1,4,72.91083818304156
HSR Layout,1722.5913698105182,5,4,62.675247533121215
Electronic City,2292.29322789036,4,3,190.73052977927506
Koramangala,912.6470080014356,2,5,190.03983179079714
HSR Layout,2013.6670872278992,1,3,129.78948054728932
Bannerghatta Road,2851.336362355354,3,5,186.414044371742
Bannerghatta Road,3795.223132330903,2,2,161.44627618430718
JP Nagar,515.0586291934065,3,1,126.19061890432558
Marathahalli,2602.8984494194365,4,3,21.158338069423227
Electronic City,1836.51294404697,5,3,159.05293149429272
Electronic City,4337.698197613556,2,5,146.44790148592438
Marathahalli,3719.9899185540885,2,2,130.74565759083453
Indiranagar,3150.988405119027,4,2,156.87637610284492
JP Nagar,1747.6954056354812,1,5,112.32598965945783
Indiranagar,4596.525959258905,5,2,146.73498883784103
Indiranagar,702.9530474914543,2,4,188.3309756107688
Indiranagar,992.6041940560182,5,1,87.64490285229553
Marathahalli,2262.3356324316023,2,3,147.46193028211258
Indiranagar,1059.9690078358535,5,1,105.62380724197257
Bannerghatta Road,4803.870639017413,3,3,141.39193732651668
Whitefield,4090.9519496452253,2,4,157.32080039978555
Koramangala,1665.4219322081615,5,2,28.181450078443273
Electronic City,3148.4940303796043,1,5,136.38807991075913
Electronic City,4920.4873178603675,3,4,60.81341319325002
Koramangala,4478.895401591763,3,1,140.605856805362
Marathahalli,3203.593008989891,1,5,104.29943346808642
HSR Layout,4566.757852288717,5,2,159.23949353567969
Marathahalli,4951.332094160115,4,4,42.21214673700736
Electronic City,3845.0877030213087,1,5,132.73802329811514
Electronic City,792.4388426730231,5,4,70.12473120695941
Koramangala,2307.1110639146937,1,4,173.53675915950646
Indiranagar,4270.215808774605,1,2,187.10903101453533
Marathahalli,1537.5613811225855,2,3,199.35169286222998
BTM Layout,4237.891329877811,5,5,163.281332436911
Koramangala,1041.5244291574818,4,2,155.67213267704082
Bannerghatta Road,711.2541071651585,2,4,58.790136596159186
Electronic City,2228.407751710623,1,2,80.48127061821958
Koramangala,665.2937184197613,1,3,103.82285751721031
Marathahalli,4807.7161834249655,1,5,159.20858860080494
Electronic City,4217.925631072847,5,3,184.69385571403436
HSR Layout,4103.463592084438,5,1,54.04503800413723
Koramangala,3334.000653482689,2,5,186.0261472406185
JP Nagar,1473.4581036644909,4,3,145.21243742373045
Electronic City,2832.1716500437647,2,4,129.93873152330696
Marathahalli,3187.7333259365346,3,5,55.97142883074911
Whitefield,2862.6417538712067,1,5,29.9945059056471
BTM Layout,1671.0501557818727,1,2,122.32368173142919
Hebbal,2818.6156594162667,1,4,137.27282299920063
Indiranagar,2710.3385339088195,2,1,57.94066088384388
Hebbal,4983.510991130259,2,3,120.16211704858215
Marathahalli,4538.462666207917,1,2,174.16881249726325
Bannerghatta Road,2585.21336697029,2,3,170.3118701819036
Bannerghatta Road,3303.218223208034,5,1,186.9239325055335
Whitefield,3865.4222184150285,5,1,85.85944572023848
Indiranagar,656.8932210522121,2,5,77.24892305916536
JP Nagar,4527.14648552528,1,1,154.89668107654555
Whitefield,4370.570673880657,2,3,97.6002329174609
Hebbal,2558.444439981683,2,4,35.758759525000514
Whitefield,2260.263947361709,2,4,70.90420352068995
Hebbal,1728.3171868534173,3,5,95.34481139566805
Electronic City,2645.0457274866576,5,3,72.65295658572536
Bannerghatta Road,699.6949858995655,4,3,79.79700277051789
Electronic City,4334.8709000615345,4,1,72.87966311139033
BTM Layout,659.4006578834528,3,3,27.4698500929543
Indiranagar,1980.7311441644194,2,2,134.67704614839965
JP Nagar,4692.152697435455,3,1,127.51263566362448
Hebbal,3808.4569453555373,3,2,137.6090297261625
JP Nagar,1766.2593225988705,1,5,54.61578128605294
Hebbal,1636.920922823983,5,4,73.21781749024734
Marathahalli,522.8696291811168,4,5,131.530866850086
Whitefield,3630.7143178238757,2,4,127.93296232278585
BTM Layout,719.526117529279,4,5,111.1394556837682
Bannerghatta Road,2896.7113373034294,4,3,83.07438500183554
Hebbal,4829.548876664224,5,2,184.3275808594442
JP Nagar,992.6098702450424,4,4,81.15864361379188
BTM Layout,4525.159689356304,4,1,102.01144815870529
HSR Layout,4961.639008152717,3,2,142.06048957175756
HSR Layout,776.8266180765577,5,1,117.74385755601755
Electronic City,4473.078211118576,1,2,82.43947574558939
Bannerghatta Road,2822.355591996275,2,2,98.41606228217177
Marathahalli,4579.3117375006095,4,5,163.0065472136311
JP Nagar,3070.9352386380833,2,4,70.06324798759024
Whitefield,3479.5040454795408,1,4,45.60594315982678
Whitefield,2947.0050859882967,2,2,76.36937632935988
JP Nagar,4390.2179613830685,1,3,172.91615878782224
Indiranagar,3802.5946352916576,3,3,36.018148674142395
Marathahalli,2845.671404811867,4,1,198.50529320704132
BTM Layout,4406.723618231961,1,1,117.38052180697925
Hebbal,1603.7848951490055,2,5,197.27223391407693
Indiranagar,1208.0329686613668,4,2,189.01935597547595
Hebbal,1221.8004739853245,3,1,101.50646855796502
Hebbal,2003.0399543535705,4,1,55.72839342896284
Indiranagar,1574.1051408545788,1,2,49.67925978172492
Electronic City,4685.406577293824,3,5,63.19808549659235
HSR Layout,976.253422228628,2,1,147.8238753016167
Hebbal,3645.4583211781446,3,5,69.13099905166781
Indiranagar,1351.4969290325266,3,4,81.4565485287737
Indiranagar,4467.367097466576,5,5,100.78018471903066
Koramangala,4825.918796832083,3,3,184.38188247586214
Electronic City,2594.615039464926,3,3,54.090815219272294
Bannerghatta Road,4455.821661026592,4,5,20.90477946976456
Koramangala,523.1532683962165,2,3,30.817353868070626
Koramangala,4189.76112833645,4,4,182.85794150242123
JP Nagar,1528.8132268621557,4,2,136.55296367180534
HSR Layout,4589.155891712156,1,3,69.14731147900523
Indiranagar,505.0405016604927,4,3,51.8946501820144
HSR Layout,3002.8178076789063,5,5,72.96801259468057
Marathahalli,3904.861117032206,5,4,40.663446905230415
JP Nagar,1664.097488140586,1,2,189.47592385119938
Bannerghatta Road,1369.0978906428188,2,5,161.15711138574804
HSR Layout,878.4420101059309,2,5,103.23041184425733
Whitefield,1968.9510942648183,4,4,175.69326892073636
Hebbal,3019.299405389733,4,2,64.90247677278181
Marathahalli,1021.2973555111595,4,4,149.08170232499484
Electronic City,2195.1291289405945,2,2,174.10384982247382
Bannerghatta Road,540.8258209372623,3,4,84.21836809218907
Marathahalli,4184.057392249288,5,5,156.34360018112918
Hebbal,1078.0192314193612,3,5,73.1130228675757
JP Nagar,1775.043267195117,3,1,73.79428434662555
Hebbal,582.9247343219786,2,3,39.270292139753494
Koramangala,2445.0835275163054,3,4,99.21044837169177
Hebbal,4280.546762335484,1,1,151.348143169536
Koramangala,2264.6804515033846,4,3,189.23974500283128
JP Nagar,1307.7379554072504,1,4,128.6834585472373
BTM Layout,3891.6447532273364,5,2,175.364396792433
Koramangala,4049.6314184183493,4,3,168.04903687224086
Electronic City,1281.8906388840505,3,5,51.201749535550555
Hebbal,3968.8434884344542,5,1,107.44713720427366
Hebbal,4762.840497153521,4,3,41.046236394570464
Electronic City,1248.6991411952254,3,3,142.7875690810943
Whitefield,3969.42931639461,1,5,190.98194028429367
Indiranagar,3688.574020711832,4,4,44.676102454176174
BTM Layout,2631.0824979578983,3,2,152.09896354445743
Bannerghatta Road,760.6420725145923,1,5,133.80286715621497
Koramangala,836.124879910343,5,2,125.04890666145795
Electronic City,4335.865966393914,5,4,90.22164224390106
JP Nagar,4955.667677377912,5,3,83.92369659568627
Koramangala,3542.235157340395,5,2,28.144854023399816
Indiranagar,2506.812381546447,2,1,59.22356748536242
JP Nagar,3414.081395308584,4,1,22.73183881162884
Marathahalli,3174.781366528454,4,5,124.65507900476369
Hebbal,2226.255171825298,2,4,39.05358245802359
Marathahalli,795.3176505830583,3,5,177.14349092534889
Koramangala,4196.808263333484,3,5,114.16574372548975
Indiranagar,2173.2508815742603,5,5,145.94418363056752
BTM Layout,4184.535395106921,1,1,93.95427653128937
Koramangala,1636.28937359772,3,1,120.90436562018876
Electronic City,504.6326593053503,1,5,189.6786518539935
HSR Layout,1215.2222747454043,4,1,34.89212713226074
Koramangala,2608.4273754586297,1,4,65.7087989462653
Hebbal,4749.366357310234,4,5,160.39789884389796
Hebbal,959.8712886217354,2,1,37.77269723887986
Koramangala,4343.943985077047,2,2,33.61899870273995
JP Nagar,2871.608432953379,5,5,85.07745177572694
HSR Layout,4216.643446099535,3,5,36.59023252503782
Electronic City,1842.6849394549668,5,4,125.31411959711656
Koramangala,4279.762241026123,4,3,60.72954514698797
JP Nagar,3977.70251007562,5,3,181.225633375887
Hebbal,1535.2415736414525,1,4,161.0300145521462
Hebbal,1091.0080688422013,4,4,145.94693709790573
Indiranagar,4406.244451395318,2,4,131.04992492921036
Koramangala,4834.564940480594,3,3,175.4238314614634
HSR Layout,640.8604118638231,4,4,60.15117107769624
Whitefield,3790.715301381585,4,1,177.15959169756098
HSR Layout,4592.860299265183,1,5,162.10861371632942
Hebbal,4358.120414416244,3,5,154.6689487497834
Hebbal,4840.342125215939,2,2,121.02602205348633
Marathahalli,3920.4233529714375,4,2,64.32394897470802
Hebbal,2490.3444307140962,4,5,96.23862487854134
Electronic City,1903.783957228087,1,1,162.84271781698428
Bannerghatta Road,1943.3423319715735,5,3,25.7201271843184
Koramangala,3759.9020267635265,2,3,160.7691384674765
HSR Layout,3856.2665541393394,3,1,63.21273328776197
Bannerghatta Road,1401.616145969207,4,3,45.97565612988855
JP Nagar,4406.55266070739,4,4,40.82623727245439
Whitefield,3717.1581809101144,2,5,24.905002151146718
Electronic City,3032.376288545222,5,5,114.24556733986152
HSR Layout,2621.8960704613073,4,1,59.286777084871304
Bannerghatta Road,2944.5476260548116,2,3,198.09771784033367
Whitefield,1216.60582225669,1,2,123.39861605699704
Marathahalli,1416.655621743234,5,2,44.81934848408187
Electronic City,910.2402068278625,3,3,143.97725734604575
Electronic City,1191.461171725007,4,2,181.59384197175055
Marathahalli,2541.621355723772,2,1,154.13230916653058
Koramangala,2886.5947717771523,1,1,33.75917498710058
Marathahalli,580.3785161524372,3,3,181.25915261467873
Electronic City,4085.590225388124,2,2,162.90728945479367
Electronic City,1823.7558800456504,2,1,48.49470201901058
Bannerghatta Road,4603.2621573196,3,1,29.321459971907036
Hebbal,4853.8006862619995,1,4,120.31590355657553
Whitefield,1334.5649360449445,1,4,48.08644604119584
Marathahalli,2579.437808445473,5,1,170.22637146714897
Whitefield,505.5432582489165,4,3,84.50023820090128
Marathahalli,3192.4726930509214,3,5,184.32064005258357
JP Nagar,3232.8790171820206,3,5,121.82387098538103
Electronic City,1613.9298002151882,3,1,52.88102916314026
Hebbal,3012.8570266243905,1,1,45.12779612476402
Bannerghatta Road,1514.9306409968094,4,1,123.7650387603957
Hebbal,1223.7146108518552,5,3,157.1390501352399
Hebbal,3431.837600610191,2,4,160.67101659359278
Hebbal,1966.664587784337,2,1,69.63633279943062
Whitefield,3156.187724985301,3,1,56.764416604190146
Marathahalli,2449.6103703724502,4,2,23.016134808628834
BTM Layout,4929.581333313068,1,3,142.2558472162105
JP Nagar,1173.112892004046,4,1,33.78228651803702
HSR Layout,2590.693684861146,4,2,95.73701631786665
Hebbal,3562.0548186169635,1,5,128.3027895232933
Koramangala,2279.9528774598593,3,1,188.67961008554187
Whitefield,4886.149333418104,4,1,76.12438465203836
Bannerghatta Road,3748.4943256712077,2,2,64.95898924037357
HSR Layout,3456.427359040219,1,3,137.7488277714977
BTM Layout,3906.766704250505,5,1,131.4630257696447
Koramangala,4786.918871174226,3,5,79.77976099546242
BTM Layout,4585.1839384308805,1,1,187.0583303917616
HSR Layout,3759.2838865688536,5,5,172.0752189481339
Hebbal,3871.227375955774,5,4,60.31685825571461
Koramangala,1156.6493331581546,4,4,63.045658178214175
BTM Layout,962.5658202169957,4,5,112.2140624396745
Bannerghatta Road,3069.070258298739,4,3,159.24297831152967
Marathahalli,582.65436623243,1,1,27.92726828992359
Electronic City,2670.603716982162,1,1,144.8003276722472
Marathahalli,1446.5731096349086,3,4,136.68246152877745
HSR Layout,2057.074554401778,4,5,61.66641726433788
Whitefield,3991.1213110683025,5,1,142.64354238344276
Electronic City,4735.568769045739,2,1,189.23297442537486
JP Nagar,825.8732246585367,3,3,28.421452094918333
Bannerghatta Road,2904.089926894003,1,2,77.53736995257125
JP Nagar,4471.4006861882,3,4,98.87180899994395
Koramangala,871.2884049818957,3,4,181.86686460644412
Electronic City,4210.313211035753,3,2,193.2070603896482
JP Nagar,2110.106079177221,3,1,99.94074436933981
JP Nagar,1949.426159987009,2,3,155.0051141855944
BTM Layout,4898.598738416536,4,3,115.69898427760694
Marathahalli,1403.8659043803236,5,4,116.80092825344776
BTM Layout,3619.372733702064,3,3,70.05791271194417
Electronic City,4196.483276044399,3,2,59.05212425549831
Electronic City,685.3257287567226,3,1,71.84096226632741
HSR Layout,3516.734562594855,4,2,120.13904130627428
BTM Layout,4781.974884598972,1,5,25.24793348397602
Indiranagar,1058.9898502762671,1,4,183.30480998415305
Marathahalli,4532.995862082673,2,3,48.13106771895972
Electronic City,3176.4948681962123,1,5,59.61596183684958
HSR Layout,3274.720618381133,3,3,113.28971176057634
BTM Layout,3258.2487868952267,3,1,147.82065794071028
Marathahalli,1844.7614885179123,3,1,37.231229853991515
BTM Layout,4708.408168847569,2,1,77.1850455584892
JP Nagar,4763.077081839674,3,3,194.36142900338427
HSR Layout,3313.870970962765,1,5,67.22173402057022
Marathahalli,4025.402266737266,4,1,76.34902611136644
Hebbal,3255.160936465211,4,5,170.56972831124602
Koramangala,2679.7930140831827,5,3,29.038597704281948
Koramangala,3473.690532346628,1,5,103.63037038561475
Marathahalli,2988.5065366638128,3,3,88.33101760130064
BTM Layout,3188.6413818436854,4,3,76.9856167835572
HSR Layout,4027.2464903848786,1,4,71.4259269280576
Koramangala,2664.0672415204317,4,3,36.44733887487365
HSR Layout,683.3934774161274,3,3,76.66864928329679
Koramangala,1237.9976644527376,4,2,27.749432488820343
JP Nagar,2473.7324742029227,5,1,160.57349545599834
BTM Layout,3761.7195194332626,5,4,91.6810029124421
JP Nagar,3169.7539173958044,4,4,99.90268981758409
Koramangala,3426.3238364305425,1,4,180.84702556102368
Hebbal,2656.755178593293,1,2,138.44989709501974
Hebbal,3270.8390987400926,1,3,21.450638601581563
JP Nagar,1980.57847016598,4,1,189.7714681330313
Hebbal,2615.821667134993,1,5,62.68600387598802
Koramangala,3849.2557951773,3,3,39.37055325677459
Marathahalli,4423.247505379046,5,2,158.2630721085588
JP Nagar,2451.44900280375,3,3,110.08591685600928
Whitefield,696.4774596831253,1,3,98.07870188324316
BTM Layout,1227.526448660612,3,2,64.91055434289352
Hebbal,593.8751268119214,1,4,118.54486817521736
Hebbal,3439.6835865679855,4,4,69.38922893646574
Electronic City,1995.41581409799,3,1,182.28494095167216
Indiranagar,2941.1538607371535,4,1,58.7368063519747
JP Nagar,2719.745810527098,4,4,179.18392708203564
Bannerghatta Road,866.8692029859201,2,5,120.69297663092425
Hebbal,2314.676125057243,1,3,169.1278641011434
BTM Layout,1492.5250621504547,5,5,148.31227925497188
Whitefield,2382.799049004437,1,3,145.40512005861473
Hebbal,1416.102261540092,5,4,78.38224538511002
Whitefield,4282.0358282462,1,1,62.10144766499663
Koramangala,1283.8700146021415,4,1,57.95952098254186
Koramangala,4823.512481691396,3,5,174.29449827072597
Indiranagar,2371.583147661234,3,1,167.6768276466236
Marathahalli,4308.103814085722,2,4,99.30323504221532
Bannerghatta Road,3329.441681926753,5,5,43.83283042936183
Electronic City,3809.076343995887,5,3,88.80540535594251
Indiranagar,3954.7574963005113,5,1,131.48182174464404
HSR Layout,2771.80196851858,4,2,101.7925678063915
Electronic City,2944.8523551347976,5,1,160.4340683269391
JP Nagar,2812.9814051392623,3,3,199.5721080052494
BTM Layout,3146.2627014053564,4,5,54.40377592080143
HSR Layout,632.2750059042828,1,3,102.73714753872304
HSR Layout,2279.8182643205687,5,2,97.57710234574796
Indiranagar,3227.849211025272,5,4,74.80865589481115
Marathahalli,3189.7560436513895,1,1,55.657193009652126
Indiranagar,4068.302425725342,5,5,31.82458096813866
JP Nagar,3447.5420247444886,1,4,179.6814771002657
Hebbal,4964.5999235330255,4,3,95.57276558353718
Hebbal,1777.3453787389026,3,5,109.4411933300088
Marathahalli,2116.1796334980418,1,4,185.04956867616485
JP Nagar,2227.3121834050835,2,5,159.7322859528706
Marathahalli,2596.1576315911184,1,2,43.49022754109316
Whitefield,4261.991287015442,5,2,121.77559416939363
Hebbal,1561.0644228164444,4,1,99.60540977352065
HSR Layout,3992.000931659433,4,1,163.4979930641773
Bannerghatta Road,2323.8958238858454,1,2,150.36185857015087
BTM Layout,3208.3492264790384,3,5,144.27302994399295
JP Nagar,3346.4323995183777,2,2,81.29807038638144
Electronic City,2177.818867350205,4,1,164.8934714718658
Marathahalli,2806.7684234261233,5,2,29.43043320707502
BTM Layout,2358.6402859146365,5,2,48.7324822577901
Electronic City,811.0975378397875,3,5,80.41218913602411
BTM Layout,2467.2442496757194,4,4,33.82533939247063
Bannerghatta Road,938.2702664909848,1,1,62.29896995624449
Electronic City,2322.593595861447,5,5,169.42717693962527
Indiranagar,3168.1327992430183,3,2,190.68527680221428
Koramangala,3107.367047045753,4,2,74.82842403935429
Indiranagar,3481.7957555374414,4,4,67.61284471799088
Hebbal,928.6767857958183,4,1,70.38067740435685
Koramangala,3434.5546048869705,4,1,69.9894357231519
Indiranagar,1904.6662551340119,4,3,26.46743279347514
Koramangala,2295.706757617,5,1,186.84494233959947
Koramangala,4360.938142652176,3,4,58.46566548265911
HSR Layout,540.6368185829762,4,3,95.60073333465289
Marathahalli,3147.8568500327247,2,3,21.743638893374193
Marathahalli,3194.212910450484,2,2,174.4319163647103
HSR Layout,2284.968993546029,3,2,151.60832200188509
BTM Layout,1566.6253569875128,1,1,190.41608633126657
Whitefield,1556.0331721769799,1,3,160.69078625535184
BTM Layout,4476.693513473387,1,2,76.46717216937174
Electronic City,2489.1096820228586,2,4,64.61720457111625
Electronic City,1989.0021334512737,1,2,145.5889353595927
Koramangala,2519.4990822413138,5,2,85.5402995018899
Indiranagar,3512.256806567126,4,3,121.91870283547098
Indiranagar,1155.9045571013826,2,3,21.12634478476464
Marathahalli,2522.45225846182,3,5,31.139426302485546
JP Nagar,3145.4796699967414,3,4,116.36622941269722
BTM Layout,4768.625096831452,4,3,121.89289636066972
Hebbal,1636.3750193393867,2,1,155.26153000268187
Bannerghatta Road,2116.6283656231053,1,4,43.75375753231312
Indiranagar,2207.113654650907,1,4,112.37295507622018
Bannerghatta Road,3224.9217094019727,5,3,55.00057599770395
Koramangala,2105.2942386800078,5,4,36.775301521285044
Bannerghatta Road,2900.80366384863,1,3,93.88924293089983
Hebbal,4018.0564843026323,3,2,49.4005966560303
HSR Layout,3674.235173504916,3,5,59.920756074617344
Hebbal,2508.658909306635,5,2,77.15982437651031
Bannerghatta Road,4388.97279953376,4,3,66.68991213377532
Hebbal,3011.631123172383,1,3,35.766433533070355
Whitefield,2929.576277759956,5,2,36.18492407474641
Koramangala,653.8449467262118,5,1,54.78489474215027
BTM Layout,4940.118411607227,1,1,29.10065383271701
HSR Layout,1053.36863838332,1,1,132.7622635418469
Indiranagar,1540.0891059244098,3,3,71.71880897160236
Electronic City,732.6357675868713,4,4,70.35427419843279
BTM Layout,3380.0133507661117,4,3,79.75969296279773
Electronic City,1511.15529637706,1,4,139.3033293577499
Koramangala,1310.0469686272559,2,2,176.71409866702828
HSR Layout,898.5001290045863,5,5,156.63564786001493
Marathahalli,964.8903070580704,5,4,150.9552614405171
Indiranagar,3131.018151991649,1,1,107.19041340815286
Whitefield,3596.9353963996796,2,3,144.88500025413413
Marathahalli,2288.2054480898046,3,2,119.49722624604496
Koramangala,2659.5368671643296,1,1,58.9250950735752
BTM Layout,3586.8548119234283,1,2,57.54590619338913
Whitefield,578.2090558346583,5,5,73.35056123755102
Hebbal,1954.0879568162534,1,3,183.9444807745664
Bannerghatta Road,4878.939866316559,1,3,118.53467126835066
Whitefield,3110.5050336296063,1,5,152.1029678603365
Koramangala,1644.0106095387196,5,3,82.38057676697858
JP Nagar,2847.785209862959,3,4,93.38883871974055
Bannerghatta Road,2041.940696544119,3,2,42.60180415470525
Electronic City,2895.102449718346,1,1,50.833092407900665
Indiranagar,1065.8368031299196,5,5,168.9241798687062
Electronic City,1097.2159421867482,3,4,125.27095370399877
Whitefield,1145.940629177268,3,1,80.7558438590874
Electronic City,4729.189063670788,3,1,164.5132176191983
Koramangala,3798.045132536038,5,5,64.37358301483694
Hebbal,1230.7185259804442,5,4,195.6858857480367
BTM Layout,1347.5708769452065,1,1,82.06716939431055
Indiranagar,3788.7326369189436,4,1,80.71597174722096
Electronic City,1202.7373015647827,3,4,76.14414299660694
Electronic City,1555.525820006729,4,3,41.98007286637183
Whitefield,4835.060747691796,5,1,40.00468651976223
BTM Layout,1648.8793612779434,5,2,136.6589062161422
Marathahalli,3477.3455766701604,5,4,177.52124802044847
Electronic City,4903.840793302386,4,1,162.29369184890123
Koramangala,2184.3354521290667,5,5,45.399366923843196
JP Nagar,578.82195887928,1,2,118.20478192257195
Indiranagar,1598.6628069006842,5,1,39.0064782757952
Electronic City,4238.947361037674,2,2,28.15303585035394
Koramangala,4390.739761797665,4,2,138.1494546892581
Koramangala,3958.3371403570604,2,3,116.32742006246306
Indiranagar,1008.9941858445786,5,2,34.76426333806475
Marathahalli,4079.796672633814,1,3,26.28906435307792
Koramangala,4634.050086470769,3,4,198.15615441368024
JP Nagar,3202.7429414580624,5,3,25.40383978683294
Koramangala,4733.939103521292,1,5,100.01508554902874
Koramangala,4220.774976703448,4,1,110.83142442938521
Koramangala,3501.371826459083,2,4,41.110426604080104
Hebbal,3097.333565202867,2,4,50.43112011914893
Hebbal,2068.581502588867,2,5,83.32490115386345
Marathahalli,1216.793503592623,4,3,157.10165771845928
Electronic City,3222.2926521074337,1,1,111.274836330848
Koramangala,1931.5019912815378,4,3,134.82233741953308
BTM Layout,4398.974003874404,2,2,197.33141991632147
Electronic City,4970.0162181138285,5,3,158.24097835637772
Marathahalli,3885.9249317700765,3,4,98.18506966541919
HSR Layout,907.1676287917284,4,1,100.35954592337878
Electronic City,1799.0851798878714,4,3,131.37897386738092
Electronic City,990.9933429458738,1,1,139.76573751540278
Bannerghatta Road,3427.302415062721,1,1,110.12796665060084
Whitefield,3943.358890501031,4,2,136.0750201066964
Bannerghatta Road,4665.536738963203,2,2,24.23584899453778
JP Nagar,2471.7755588539444,3,4,97.33211550143194
Hebbal,4556.190423147999,1,5,70.20885369322582
Hebbal,4450.510215685974,2,1,43.25140014375987
Whitefield,1927.3807254442936,5,5,37.918372305579524
Indiranagar,4410.052814932569,1,4,128.57458981064013
Indiranagar,2190.525133467769,2,1,114.24809848747012
Marathahalli,1835.9117355212636,2,1,65.64514105934646
Whitefield,3420.8359645747687,3,5,104.77101057905261
Electronic City,1977.7155254828647,3,3,108.6018167328335
Indiranagar,3335.939367481149,5,2,55.101616478950845
Koramangala,3244.2431247441255,2,3,137.3767511386971
BTM Layout,3035.4751730680646,2,5,160.56548414949629
Electronic City,2211.8886690475897,3,2,162.4634373601134
JP Nagar,2968.2487474316454,1,3,128.4445695266219
Koramangala,3184.1846374343972,1,2,112.09494485342253
Koramangala,2955.5909982296303,4,1,30.98128574097108
Whitefield,2499.8875373804067,3,3,71.80963379328905
Marathahalli,566.0017567081871,4,2,36.78886042007058
JP Nagar,3141.777684655179,3,2,193.48816895812524
Indiranagar,1257.9997331422383,5,2,44.314426320636926
Whitefield,3391.5918602623533,2,3,47.31957377319837
Indiranagar,3917.049475652897,5,4,180.1237912994886
Whitefield,2752.003891088337,3,3,189.9070910257624
Whitefield,2940.6364924088225,2,5,157.84922706228377
Whitefield,4781.65351849696,1,3,20.972886261080575
Marathahalli,4312.2531261765835,1,2,20.242328772181466
Whitefield,4614.064321781615,4,1,88.05813856174115
HSR Layout,4161.948297438139,3,3,45.81116660196066
BTM Layout,990.1325383102915,3,3,23.30950558728751
Indiranagar,1170.4633518658761,1,2,103.53200409281084
Electronic City,2869.8070877103182,5,1,189.75114153325487
Bannerghatta Road,1607.3134645909922,2,1,78.28752348243765
JP Nagar,2645.129637685216,5,5,139.00532211716538
Hebbal,2274.643957182576,5,3,137.40236356383934
Marathahalli,2972.36407293704,1,1,65.19441865973019
Electronic City,3860.940722611202,1,1,137.07654478829556
Koramangala,3719.709081946735,1,4,58.22011537164043
HSR Layout,2845.5535961840046,4,4,41.96133444384003
Hebbal,4200.770384676762,5,1,146.24899140074422
Bannerghatta Road,2438.8794119211498,3,5,40.419347078705016
Electronic City,4535.214304280551,2,1,199.44365934608396
Hebbal,820.7612152482376,4,2,53.02143220704128
Electronic City,4795.970135149883,3,3,126.94553529616236
HSR Layout,3446.118866441067,5,5,94.04742285426609
Bannerghatta Road,2210.335290217424,1,2,42.749556033020085
Koramangala,1387.193569577948,5,5,25.01190336393441
Whitefield,2656.3245324961995,2,2,132.09181081270998
Indiranagar,1375.5124543338543,4,3,165.2163614820427
Koramangala,1248.4922348441396,4,3,171.5628190712139
Whitefield,3278.082908358384,2,4,106.8884251538482
Marathahalli,2853.881260618031,3,2,159.94198409282941
BTM Layout,3515.4321557492376,3,4,141.11248402793805
JP Nagar,4683.226448398951,4,2,150.36581494984398
JP Nagar,2895.170960025681,4,4,108.66782093992654
Indiranagar,3114.19423968259,1,3,134.01411324358287
Bannerghatta Road,903.3185261972395,3,5,164.99466444369025
HSR Layout,3729.361036588833,2,4,91.61915160026415
Bannerghatta Road,2299.573430618703,3,2,165.07620215616507
HSR Layout,4895.263573981605,1,2,126.56303170203131
Bannerghatta Road,4204.283070180471,4,3,49.862184386741525
BTM Layout,2851.1646823225324,4,2,24.44314830042523
Marathahalli,1054.5019437747474,1,1,85.29564807184737
Marathahalli,4367.371069762651,2,5,118.40533909334117
Whitefield,4099.0149294080975,4,4,171.16766339662792
Hebbal,1330.6330829166484,5,5,42.94742242524431
Marathahalli,1828.7523014913954,4,3,164.03714258304424
Marathahalli,4070.332661665268,5,4,175.34162829210086
Koramangala,1333.5280094633436,1,4,47.12374766015008
Koramangala,4629.886201271198,1,1,173.28697747475942
Whitefield,2410.3734133836288,4,3,198.46164221170255
Hebbal,891.6753316444639,3,2,150.83098958868277
Indiranagar,4170.868895769264,5,1,161.25854272849784
Koramangala,2180.793573672744,2,1,198.99474816059723
Indiranagar,2869.2463736920145,4,5,128.98662509467016
Electronic City,1005.3695498504862,2,5,75.41954876292489
Koramangala,511.62806680242073,4,5,170.75555013369
BTM Layout,3370.9334260698392,3,1,130.6074399520936
Hebbal,2818.2882665017924,3,2,124.61517626977218
Whitefield,3170.9235610541623,3,4,65.65439999252689
Electronic City,4071.8473267123236,3,5,156.1401685249196
Hebbal,3409.7266104028704,1,2,34.700109654817325
BTM Layout,1286.4804927231971,1,3,186.37167274303903
Hebbal,2123.476335997699,5,5,78.64822293868725
BTM Layout,4576.509971544921,2,4,42.999437502198276
BTM Layout,3964.751151132555,4,3,99.62597595843539
Indiranagar,3004.8667607152274,4,3,27.64458366617597
Bannerghatta Road,1650.4024901417254,1,4,143.23271496769394
Electronic City,1859.2722582565777,4,5,182.4869918801641
Hebbal,3793.8113041353554,1,1,170.70734128493157
HSR Layout,4330.284173837468,5,4,42.926505220618594
Electronic City,3521.411012887765,2,4,42.728804679391736
Bannerghatta Road,4142.884890957988,5,4,166.41820681836754
Electronic City,3949.952608401827,3,3,186.36576942856087
Marathahalli,1173.66785580631,3,2,102.92056937002805
HSR Layout,2407.751658109859,3,1,109.81480104447787
Bannerghatta Road,1188.427103728532,5,5,77.28716744943065
Indiranagar,1558.5601316089317,4,5,180.96772128615453
Hebbal,4411.668310929736,2,2,136.08252295262406
JP Nagar,2628.0138453493196,3,4,71.88528389012633
Bannerghatta Road,2909.111458291974,3,1,73.78091678976529
Whitefield,1303.0068435249746,3,5,180.41601315144842
Hebbal,1905.223037219582,2,5,22.454124303047863
Bannerghatta Road,1536.1077579254147,3,4,78.09078309079491
Marathahalli,1427.8377403329189,2,2,119.78420261894642
JP Nagar,3370.8235699218653,3,1,46.67914317787843
Marathahalli,1655.9773144057167,5,2,36.57777575592616
JP Nagar,3344.069687091883,5,2,166.7497395963008
Whitefield,763.0457634884926,2,1,180.99278995673131
Hebbal,1137.9847708719585,5,1,168.2491557436741
Indiranagar,1735.4311430005641,2,5,181.7818201527226
Marathahalli,3186.7111260306124,5,5,119.56015479050687
Marathahalli,3541.285602893192,5,1,166.20646177826154
BTM Layout,2492.2263505078718,2,3,89.12767491039807
JP Nagar,2506.0591155975303,4,5,139.92821506622693
Koramangala,3760.3258312937814,5,3,197.9903956500496
Hebbal,571.194912945121,3,1,60.630990291042934
JP Nagar,2034.9051101339924,4,5,90.18195433239451
BTM Layout,4184.181757036547,2,2,106.40852791581541
Electronic City,3214.487345960175,4,1,44.842787663609315
JP Nagar,2017.5220973993917,1,4,34.58694988371022
Indiranagar,4574.861565483532,1,3,169.35011593789238
Hebbal,3976.8022735222216,5,1,195.82298710896552
BTM Layout,1692.0295125653004,5,1,92.85051148933856
Electronic City,3403.804268865726,3,5,35.77697051503759
HSR Layout,3180.878276850305,4,5,31.846116924303765
BTM Layout,2305.345613175422,1,5,180.43727714485377
HSR Layout,2151.302356421603,5,4,103.48656495098238
Hebbal,2046.0221364906677,4,5,77.60491698123055
Marathahalli,3277.2010252804107,5,1,105.76302882309191
BTM Layout,2490.844714163013,5,5,77.29473704462252
Whitefield,4243.3840096314,1,2,108.0264395553716
HSR Layout,3513.2117726028287,1,5,174.72015144522862
Indiranagar,814.6922256924536,5,4,126.61424679117722
Whitefield,3380.757007226747,2,2,145.03767910583156
Bannerghatta Road,1720.1634642508316,5,1,85.64072172218059
Bannerghatta Road,3167.653962440402,5,1,152.93105813189337
Electronic City,3560.593689965531,3,3,139.991075278287
Marathahalli,1538.7313511930543,3,2,41.521159595370165
Hebbal,2555.863901961659,3,3,123.07571356080523
BTM Layout,1356.461882685805,2,2,66.21382933575644
Koramangala,735.5249410392873,2,2,164.7372205340467
Indiranagar,2203.143905686411,5,4,96.66878752404911
HSR Layout,2133.249223306964,3,3,199.04314973536768
Hebbal,4979.662208169157,2,4,36.65007882901348
Whitefield,2508.5855803893896,1,2,160.46261529322854
Bannerghatta Road,2001.062972624902,5,1,141.26631203758816
Indiranagar,3112.137530225036,4,2,158.14978950632698
Koramangala,899.4532734849581,5,4,75.35536318828214
BTM Layout,4827.495811796659,4,3,108.5698080888321
Electronic City,3357.320205159649,3,3,163.37153355026751
Koramangala,3896.7701897338147,4,4,61.857439691753896
Indiranagar,1267.1507217826288,3,3,60.68597542195737
Koramangala,2342.6503385234173,1,5,119.18917159308782
Indiranagar,2402.101010282853,4,1,114.24144431537404
Indiranagar,4198.128997554891,5,1,70.8072446743279
JP Nagar,505.56505891734247,3,1,73.6536170944681
HSR Layout,1853.8389875896478,5,3,70.0121293771818
Bannerghatta Road,4915.563684549367,2,3,158.87217115972777
JP Nagar,2636.9894457779837,3,2,137.3421558012429
BTM Layout,2221.3682610980372,4,2,169.8350930138455
JP Nagar,1039.2305090794084,3,1,195.58514509652392
Marathahalli,4883.74082882607,5,5,105.34957332895756
Marathahalli,590.1186016662101,1,2,32.00489865298079
Bannerghatta Road,3817.311012532594,3,2,28.656615874166377
Koramangala,3958.699121548288,4,3,73.21970706889144
HSR Layout,1596.4552222874,2,5,187.85802608344116
Bannerghatta Road,3522.012996258668,1,1,114.17834989475747
Indiranagar,918.1811497072547,2,2,68.92157289442325
Whitefield,1656.7126989443593,3,5,91.85002301198352
HSR Layout,4045.5589473151927,5,5,127.74711933284074
HSR Layout,4391.087864150932,5,1,137.53093846481158
Indiranagar,3238.188856969061,4,5,47.7055117609229
Indiranagar,2780.7729431921716,5,5,195.86570177813167
Electronic City,1216.8680927854114,1,5,118.05900085690199
Bannerghatta Road,783.9906488561758,5,2,44.42389720261028
Indiranagar,1029.420628131014,4,1,180.85434560230408
Marathahalli,1523.1078504324446,3,5,33.43491759429718
BTM Layout,2037.5352585361438,3,5,183.3923779719523
Whitefield,2214.0928647994424,5,2,199.38181813201683
Bannerghatta Road,2058.447958650516,2,1,146.0777238481707
Hebbal,1575.7489948876953,3,3,158.68049979331815
Marathahalli,2793.7591103826417,5,2,80.71451056414755
Koramangala,4213.7874870480355,4,1,189.4838334921081
Indiranagar,1758.6659231216565,5,5,115.34851389950617
Hebbal,4740.741585960049,3,1,151.82992038755987
Indiranagar,4430.014977757315,4,1,186.3393888640303
HSR Layout,1227.9389510844933,5,1,195.5323956755915
Marathahalli,4038.2418054069253,1,3,169.9767841874014
HSR Layout,3085.64322042995,4,1,74.5431512567654
Electronic City,3049.589129771384,1,3,193.97855297937483
HSR Layout,2259.6924337617847,2,5,133.06151562384292
Electronic City,2755.1884963190437,4,3,187.51564574335276
Electronic City,2287.3044984314497,1,5,141.69890464658334
Hebbal,2928.796784419743,3,5,75.30301313258968
Indiranagar,3325.775237476861,3,3,86.60441434570687
Koramangala,3534.3671288407177,2,2,119.08491987852929
HSR Layout,2896.1653665174176,4,4,162.20267148077875
Marathahalli,3746.3993029792928,4,1,77.23685924126029
Electronic City,1135.7512217397762,4,4,124.35160990415457
Indiranagar,1453.9212090600734,2,1,82.21249884375227
Whitefield,4184.307518334215,4,1,166.83849283431928
Bannerghatta Road,1951.3759003088683,3,5,104.01105687823107
Hebbal,603.0222123925411,1,1,33.81010883351934
Koramangala,1192.06017350614,3,1,49.88945386667655
JP Nagar,1506.2649552334005,3,3,30.998840171533814
Hebbal,4807.952995525642,1,4,109.87453028257855
Whitefield,3078.6864301888218,3,3,39.14071352268089
Bannerghatta Road,4697.288332143146,2,1,40.54519447573378
Whitefield,3088.2350772348123,1,5,189.38868680690786
HSR Layout,2657.094980620333,3,3,177.07791299168997
Electronic City,1911.7746103734323,5,3,101.37558742604588
Koramangala,3228.66924995019,3,2,197.44495775303704
BTM Layout,1126.3911107788842,2,1,20.033575070719362
Electronic City,4542.177322817177,4,5,130.51630212921089
BTM Layout,4231.995823135777,3,3,130.9570719269366
Bannerghatta Road,1928.8915154453166,4,3,102.33975005657987
Indiranagar,4787.588874205824,5,5,91.4506351281727
JP Nagar,4213.403453370056,3,1,101.96896438650937
Marathahalli,3498.3809862576786,1,2,94.69287849434248
Electronic City,1047.9286000637367,4,3,151.4886459468139
Koramangala,2652.053103716325,5,2,44.36397829519113
Whitefield,2777.483996810379,1,4,55.57505970640343
Koramangala,1546.4811126442105,1,1,52.49328111063625
Bannerghatta Road,859.8442746168587,1,4,67.24470532182761
BTM Layout,3995.256337122617,1,4,114.546515380685
Whitefield,1049.1577345597775,3,4,40.01757452087937
Marathahalli,3174.308377527986,3,1,176.27047315877073
Marathahalli,4714.021282476472,3,1,73.52507563552501
Electronic City,4442.473366691192,5,5,49.25683774436742
Bannerghatta Road,1749.8868068716752,5,2,141.6118357276838
Indiranagar,4331.518868980695,5,2,26.85553410787747
Bannerghatta Road,501.49627754220234,2,5,131.59434167734955
BTM Layout,579.5951432596574,5,5,145.67571752176997
Koramangala,3211.489237292892,3,4,58.684975649609456
Marathahalli,2141.5919861503826,3,5,27.553533219854174
Koramangala,2239.073785216162,2,3,85.45616460550093
Koramangala,3039.984908054971,2,2,37.746961443548564
Koramangala,1363.0210501633726,5,5,40.966012941200674
Marathahalli,1452.8990779946525,4,3,65.76702166007561
Hebbal,2680.707141584891,2,3,73.18422643281667
HSR Layout,3894.1409495473836,1,3,115.3946613838557
BTM Layout,3287.7398813341447,3,3,142.11053939054236
Hebbal,1838.097717065775,1,4,126.69876935663326
BTM Layout,2436.517298790145,3,3,46.704860712113025
Whitefield,1267.991413474993,3,4,50.97548584147276
Bannerghatta Road,835.8341645168678,2,4,178.1784649627246
Bannerghatta Road,4022.1321833486713,2,3,120.50341671154045
JP Nagar,1694.2433413468757,1,2,176.58880992158402
Bannerghatta Road,1299.948745330617,3,3,86.87837203757739
Marathahalli,3612.281250061937,1,3,130.5920013376383
Indiranagar,3281.232534292337,4,3,114.25941488982994
Electronic City,3349.3533170605883,1,2,77.44222816768325
JP Nagar,1530.0257218097613,5,1,104.58476696604717
Electronic City,1546.9049235320645,1,1,110.44835782884778
BTM Layout,1493.611834035376,5,4,56.13877545620215
Electronic City,1281.8866804803251,5,4,76.70186702781169
Electronic City,3450.7565265274534,5,2,162.4537550912556
JP Nagar,4316.071483622307,4,5,184.8418831017429
Whitefield,3759.4286135449756,1,1,84.7629368381539
Koramangala,4064.4213519224445,1,4,75.25501079762327
Bannerghatta Road,2321.5929308833993,4,1,55.135489622938856
Bannerghatta Road,3443.3410791739916,3,2,142.12841035710463
Marathahalli,2094.0630820014853,2,2,78.1579462999407
JP Nagar,2864.77079885888,1,5,197.79491703785393
Marathahalli,2667.3568094068805,2,5,78.62326437151158
Indiranagar,1295.9921531473447,4,2,90.94448842087307
Indiranagar,2241.8544215103384,3,4,128.60015531816626
Marathahalli,4837.200239670579,3,1,164.3031727744349
JP Nagar,1618.6111597172394,3,3,104.51335976221407
Marathahalli,1102.1168132576993,4,5,96.0780860820125
Bannerghatta Road,2383.6127973077087,5,3,199.2148100470655
Hebbal,4056.5198113706665,5,4,21.88885540519
HSR Layout,3119.6670340098754,2,5,181.11175199322423
Electronic City,3564.3867225721006,5,3,46.84534866915274
HSR Layout,1353.6268167860474,5,4,161.4665497176044
JP Nagar,3285.2668685347467,3,1,131.22768077233366
HSR Layout,1955.751777101632,3,4,81.53251138965658
Indiranagar,4254.365146796454,2,5,177.2974919937833
BTM Layout,3331.8446270483128,1,2,22.323301036578556
Electronic City,1394.8532499888315,2,1,60.80431737348626
Koramangala,790.7750592983876,2,3,122.04070332491649
JP Nagar,691.8494417916473,4,5,83.27760680894565
Electronic City,2171.3385544256334,4,2,129.867949157299
HSR Layout,1696.3301149444108,2,4,24.339834813560028
Indiranagar,3407.405555581286,2,2,40.96260748670825
Whitefield,2747.002257403782,2,5,42.87732323931906
Hebbal,1697.0867510242133,5,5,54.0710562648817
Koramangala,1171.5700007757926,4,2,102.6796593440977
Hebbal,1072.3989320935232,2,4,155.3831659178428
Electronic City,4390.9717646318795,3,2,182.9969908272022
Indiranagar,1595.6508578219025,3,5,170.3670554511643
Indiranagar,3432.6979155993577,5,5,55.43981691962304
HSR Layout,4148.086675938199,5,3,99.40709940151383
Bannerghatta Road,3263.3659003313123,1,3,55.8940875965363
HSR Layout,4368.043542411257,1,1,67.60492700009434
Bannerghatta Road,2265.771746878135,1,5,110.63845667213951
Bannerghatta Road,4802.9998579202675,5,3,32.25962445023406
Koramangala,1099.1525188014361,5,2,59.27137932678918
HSR Layout,959.6728834589214,5,4,188.3680690352811
Whitefield,3464.114657933496,3,2,103.90093267852802
Marathahalli,4742.740136359678,5,4,100.16957467601699
Marathahalli,4139.975577363477,3,3,22.622087855230202
HSR Layout,843.8758674712315,1,1,64.53195447050224
HSR Layout,1757.1547127062238,1,2,175.93263847679265
Hebbal,4686.434981770207,1,2,49.633117086560375
Koramangala,1638.7629476035304,2,2,94.72248911624979
HSR Layout,4015.2669070411366,2,4,22.579563056060227
Hebbal,4213.094881679167,4,3,106.10038670070006
Bannerghatta Road,2729.534465574418,4,2,23.78379921071909
Indiranagar,2238.5700943174197,4,2,167.52971955184398
Indiranagar,2525.5599458889183,2,1,168.47367814767864
Bannerghatta Road,1521.3411246441387,2,1,161.79359389442658
JP Nagar,4502.259122579799,4,3,71.00553240040128
Hebbal,2527.7884552839105,4,3,170.70269927992726
Hebbal,4471.067482052449,5,5,117.73966386894847
Bannerghatta Road,975.6206595782335,4,1,87.28545959606043
Whitefield,4947.238719500591,5,5,132.55939274676194
BTM Layout,2494.728893496282,3,4,22.22138829086732
